{
  "symbols": [
    "BTCUSDT",
    "ETHUSDT",
    "BNBUSDT",
    "SOLUSDT",
    "XRPUSDT",
    "ADAUSDT",
    "DOGEUSDT",
    "AVAXUSDT",
    "LINKUSDT",
    "DOTUSDT",
    "TRXUSDT",
    "LTCUSDT",
    "BCHUSDT",
    "ATOMUSDT",
    "ETCUSDT"
  ],
  "snapshot_day": 20260609,
  "used_days": [
    20260604,
    20260605,
    20260606,
    20260607,
    20260608
  ],
  "bid_raw": [
    61986.0,
    1654.51,
    596.08,
    65.47,
    1.1447,
    0.1686,
    0.0852,
    6.664,
    7.877,
    0.963,
    0.3234,
    43.45,
    204.7,
    1.778,
    7.04
  ],
  "ask_raw": [
    61986.01,
    1654.52,
    596.09,
    65.48,
    1.1448,
    0.1687,
    0.08521,
    6.665,
    7.878,
    0.964,
    0.3235,
    43.46,
    204.8,
    1.779,
    7.05
  ],
  "base_open": [
    63086.0,
    1690.48,
    601.86,
    66.82,
    1.1683,
    0.1704,
    0.08635,
    6.767,
    7.997,
    0.975,
    0.3267,
    43.03,
    209.4,
    1.765,
    7.11
  ],
  "bid_norm": [
    0.9825634847668262,
    0.9787220197813639,
    0.9903964377097665,
    0.9797964681233164,
    0.9797997089788583,
    0.9894366197183099,
    0.986682107701216,
    0.9847790749224176,
    0.9849943728898337,
    0.9876923076923076,
    0.98989898989899,
    1.0097606321171275,
    0.9775549188156637,
    1.0073654390934845,
    0.990154711673699
  ],
  "ask_norm": [
    0.9825636432806011,
    0.9787279352609909,
    0.9904130528694381,
    0.9799461239149957,
    0.9798853034323377,
    0.9900234741784038,
    0.9867979154603358,
    0.9849268508940446,
    0.9851194197824185,
    0.9887179487179487,
    0.990205081114172,
    1.0099930281199163,
    0.9780324737344795,
    1.0079320113314447,
    0.991561181434599
  ],
  "similarity": [
    [
      0.0,
      0.8220748869138235,
      0.9445052668992144,
      0.8032172302333791,
      0.9023496732211034,
      0.5128455316771362,
      0.920889987229514,
      0.724248324661011,
      0.8135114416929583,
      0.7817869372332378,
      0.9570144992061336,
      0.9084829712852149,
      0.193884269567146,
      0.7656101280449151,
      0.8561319666285981
    ],
    [
      0.8220748869138235,
      0.0,
      0.8452419713409376,
      0.9125550035184711,
      0.8988423490223652,
      0.7208072345307037,
      0.9505302135995534,
      0.8462490897982052,
      0.9253080990688484,
      0.8504203221006583,
      0.6025538881132502,
      0.8059233997348716,
      0.2695624892680101,
      0.8475943719479301,
      0.888554894042724
    ],
    [
      0.9445052668992144,
      0.8452419713409376,
      0.0,
      0.8404747947682337,
      0.9623179749868516,
      0.6179698265005509,
      0.9821210125338753,
      0.7561789334673938,
      0.9120083140156243,
      0.839316220972368,
      0.8327095346676691,
      0.8465515094985168,
      0.2086887101784407,
      0.767089950000934,
      0.9347884403765049
    ],
    [
      0.8032172302333791,
      0.9125550035184711,
      0.8404747947682337,
      0.0,
      0.9643537938536275,
      0.6880833192906203,
      0.9423315238738749,
      0.748614619247042,
      0.9516025414009891,
      0.8907606429821832,
      0.5908204968076922,
      0.8935538310922506,
      0.06261559760466395,
      0.9036044006565487,
      0.9512621333571896
    ],
    [
      0.9023496732211034,
      0.8988423490223652,
      0.9623179749868516,
      0.9643537938536275,
      0.0,
      0.65784005139461,
      0.9879606959725775,
      0.7193617220198718,
      0.9666683714792469,
      0.8600076156354453,
      0.725658233763717,
      0.8917965918619637,
      0.11822921567306077,
      0.8841302984464795,
      0.9446299431972602
    ],
    [
      0.5128455316771362,
      0.7208072345307037,
      0.6179698265005509,
      0.6880833192906203,
      0.65784005139461,
      0.0,
      0.7829659275875894,
      0.7879504422330161,
      0.8090650823262282,
      0.8026004979656218,
      0.27204452275686575,
      0.5074213055664074,
      0.1502966912393825,
      0.7180182730650557,
      0.7821150503485399
    ],
    [
      0.920889987229514,
      0.9505302135995534,
      0.9821210125338753,
      0.9423315238738749,
      0.9879606959725775,
      0.7829659275875894,
      0.0,
      0.8462901847264787,
      0.9931260227719747,
      0.9465346775531528,
      0.735492234027858,
      0.8581060863448654,
      0.24530562487893492,
      0.8545944008837116,
      1.0
    ],
    [
      0.724248324661011,
      0.8462490897982052,
      0.7561789334673938,
      0.748614619247042,
      0.7193617220198718,
      0.7879504422330161,
      0.8462901847264787,
      0.0,
      0.7763979172537174,
      0.8879522485524219,
      0.5686670224397121,
      0.7600802166361442,
      0.2352529718152443,
      0.6802791114416329,
      0.8517415281035181
    ],
    [
      0.8135114416929583,
      0.9253080990688484,
      0.9120083140156243,
      0.9516025414009891,
      0.9666683714792469,
      0.8090650823262282,
      0.9931260227719747,
      0.7763979172537174,
      0.0,
      0.933821180209729,
      0.5881562098189537,
      0.7938336176677709,
      0.16628634180276014,
      0.8582769842188983,
      0.9761142830682596
    ],
    [
      0.7817869372332378,
      0.8504203221006583,
      0.839316220972368,
      0.8907606429821832,
      0.8600076156354453,
      0.8026004979656218,
      0.9465346775531528,
      0.8879522485524219,
      0.933821180209729,
      0.0,
      0.611126714088428,
      0.8423738445453703,
      0.08457433766182143,
      0.8239608966813493,
      0.9825422810303924
    ],
    [
      0.9570144992061336,
      0.6025538881132502,
      0.8327095346676691,
      0.5908204968076922,
      0.725658233763717,
      0.27204452275686575,
      0.735492234027858,
      0.5686670224397121,
      0.5881562098189537,
      0.611126714088428,
      0.0,
      0.7855894590226955,
      0.07816865267923323,
      0.5340888868951186,
      0.6598578964792816
    ],
    [
      0.9084829712852149,
      0.8059233997348716,
      0.8465515094985168,
      0.8935538310922506,
      0.8917965918619637,
      0.5074213055664074,
      0.8581060863448654,
      0.7600802166361442,
      0.7938336176677709,
      0.8423738445453703,
      0.7855894590226955,
      0.0,
      0.0,
      0.8151690072945678,
      0.854060784424095
    ],
    [
      0.193884269567146,
      0.2695624892680101,
      0.2086887101784407,
      0.06261559760466395,
      0.11822921567306077,
      0.1502966912393825,
      0.24530562487893492,
      0.2352529718152443,
      0.16628634180276014,
      0.08457433766182143,
      0.07816865267923323,
      0.0,
      0.0,
      0.07533053306672355,
      0.09293466221372715
    ],
    [
      0.7656101280449151,
      0.8475943719479301,
      0.767089950000934,
      0.9036044006565487,
      0.8841302984464795,
      0.7180182730650557,
      0.8545944008837116,
      0.6802791114416329,
      0.8582769842188983,
      0.8239608966813493,
      0.5340888868951186,
      0.8151690072945678,
      0.07533053306672355,
      0.0,
      0.8249402802228555
    ],
    [
      0.8561319666285981,
      0.888554894042724,
      0.9347884403765049,
      0.9512621333571896,
      0.9446299431972602,
      0.7821150503485399,
      1.0,
      0.8517415281035181,
      0.9761142830682596,
      0.9825422810303924,
      0.6598578964792816,
      0.854060784424095,
      0.09293466221372715,
      0.8249402802228555,
      0.0
    ]
  ]
}